{"version":1,"hash":{"type":"Buffer","data":"tTMbeql46W/p5M0iF4n0Bb2TXLgWkKIHHAxyKKZWKyJMopjns6zSklbvnVtErPoT0Hmpk+xTDPajpNmRE2mhXEilj0eXRSlyGFDzyc5jPx4ZpEfTbKWZU2hlU0MJEOex8/fi94RFYvZ1kFG13CKqSRrqBl45BCtQbh3ObLHOpeM="},"indexValueMap":{"J3O8jAvyN8JKOTLCXLi2sThvpOcaO4rUp5y/wxFFJqs=":{"valueMac":{"type":"Buffer","data":"BZ5FBEGdY3LxUGn4jVjUWfRW6X/4yAflz4g28ao9res="}},"C39KGlj95NKxfTaZ2mc2+om69CsQoooG+U40Nj+8Ywc=":{"valueMac":{"type":"Buffer","data":"psNhVR4ywj6OgEu8NE5l1dF8spRS7E8ZQV6A1FHisqY="}},"KWbicRTUufC9h9RXIjEJYPm3l3fAsy7RV4KxrKHMJe8=":{"valueMac":{"type":"Buffer","data":"do3739L3dTQ9bN6VXFZeqIs2q1E3pVgnAzwLqo7UEe4="}},"OMElVzFoS/JNSZIyxl0Ky5wwFfYSHnLGpB5B9NHIljc=":{"valueMac":{"type":"Buffer","data":"RpBU651PDl7DEcUiX4Ak4rDhOXy2uq7ETvd0DfC0brw="}},"3YrCVEgvMNlv0f9vJ5jt0vRhs9gMGNLOVHXrxn/KROI=":{"valueMac":{"type":"Buffer","data":"knf4eA8gAh4eGMWvgI6CoN/DFJyfIgyw5m+RN5kinTQ="}},"tIfFz7MolDk80aslfe5CjGf3CNVSPBJNg39bQYFtKMg=":{"valueMac":{"type":"Buffer","data":"UCZcXmxZCHz1D7bsQFqShlP4FHsPVnlccahmNdjqUVo="}}}}