{"version":1,"hash":{"type":"Buffer","data":"hluRvuWaZjRAYP/UCI++gJKm28G+eccPWDDajbrUOWW3+LTNDBfKFgAdnEUoBu6uSle/o35sxZFXytS0xRLBPRSYrFwMSSqh7AjipoaloG8k/kCviey6IfpZXLFU7R+wqLiQHt0jk4ypy+nVLr1YhGSgj578hHyKDJST6vVoHy4="},"indexValueMap":{"SyOaAzG15AXSSLCERispZuvFiIeqjY3/hEvQ4Sh2Cqw=":{"valueMac":{"type":"Buffer","data":"VAecqirsY3o7uwYrkx1jvv7ppCVkdFQ77YDyfRwJiXs="}},"u77SpNYhciquDrGoz6v0nj7USD6JRCBw6PlssI2dugE=":{"valueMac":{"type":"Buffer","data":"SBZDsouau7k6krEvrS94cUV3DJUJJepXRVYCZWTs79w="}},"WhGZrqIB1PT0eWD7WozQBBdNjZICqJzq4ajHhgZY73o=":{"valueMac":{"type":"Buffer","data":"9hO3W9vQKEhzOE2QRQzvjRrVKPS3Aia/CmHA2eqTU7I="}},"hrCHfA5qpvo++2nJ6/NvFozkVxqMvB34ECWgzDIMKpM=":{"valueMac":{"type":"Buffer","data":"hpTV+PPCl0RJlu3NrV8EDlSTwNeJ3bIcRocm1uq+Aag="}},"5JYzN+w7Rk2mkaX9zHaivISTC/PWoZpKGWNthi0eWok=":{"valueMac":{"type":"Buffer","data":"g/aOng7Aai/QTzj2Lm9b9htNvAnKtNh3xJdmuIZ9K/E="}},"gkWJQsgDXGjB8uca+R80lmeJ+wCD2fvruhZwr3t+TtI=":{"valueMac":{"type":"Buffer","data":"5ZkuT9Ft7TjqeBryWFpLwU/oK4CxjZfU+GmnudYgqP4="}},"Hb335rRKOT2+igxdslAYwHtuhWOnO4uToxWcgjF6+gU=":{"valueMac":{"type":"Buffer","data":"PgxiaAMOt3iJCSG5pLu6i5BAvLGCiBbF6XGkMa8Uk/8="}},"vtDIgu7Oq0NgdfxkGkFF5MNAcVoXx9SLueJqg88m62M=":{"valueMac":{"type":"Buffer","data":"Vxol2OPYD8Ns5OFBIjA1wN9FYNLeHyjlE9ZZ3im5PhU="}},"r9PwYVbJzJByEUQ1B0T3wcQM/gi0fsIKlXMcAXJnITY=":{"valueMac":{"type":"Buffer","data":"A6e1UBCxJfLmeUepy7uW2aOtAAurAhC9OWPOriUKjx8="}},"QbbqDJZZdpw8+KG31AgVyCIhC+I6C+r//b9f5AgXm6o=":{"valueMac":{"type":"Buffer","data":"E6cLdhox71jZvr2FvFOub+Z+pP15odyZ8zagQkZE41A="}},"0ahxHgq8L+x0s9GoNMuIX9HHztjXw8b9BohenlMxgdQ=":{"valueMac":{"type":"Buffer","data":"QmIBj6/cXaH96STWTOXgP+EgCmj0/K+659KkUQ7LnL8="}},"HgxMYQioKIp7FbGRhXI5Ru8uELiXQ7im5VZ+uDZ5G8E=":{"valueMac":{"type":"Buffer","data":"Zmn0sqzQOmsvvd4Yd6bOaW2P481OQVVM0+1g4SZnYMM="}},"b57WUqU5baMqJYTBNGphU4jpjFfh1Np8CjBICc29Zzc=":{"valueMac":{"type":"Buffer","data":"riAZas76l+VAvExGMhBsD7qSgqeK1r1Ghr0EX5DJJW8="}},"trp5YYBKSkll91gWsZuRhLrJEkL3WtXRdiacWRGFdKE=":{"valueMac":{"type":"Buffer","data":"EKRo2Jpb18jlzQggahNY7vNsTJqi5GJiQfbjDinGBlU="}},"EUL5wkv8NqI0jdzm4+yc/VBnXa7kzHTB4r28GpTV6iM=":{"valueMac":{"type":"Buffer","data":"hLChQ57RZemDWolhLuwXRuEkbfs5tLnGgenxYe5S7W8="}},"Zs5rAESQYi8+6pJj8GawNxSbABjGlZ4zxBIGXnVFP/M=":{"valueMac":{"type":"Buffer","data":"5wu/N/90Q2JHeSt1AtrzFX7h7RFpk/YXRDzBhxxJ5oc="}},"rPrd7MpK1oSHIxMzUmbvlhRMhgAqf0X/QY776WihmS8=":{"valueMac":{"type":"Buffer","data":"x8o4BKnp14nyayxPEnIjO8N4JS357FhZxAJyKz3Zl8g="}},"kYxDixt9GLx/yGt/QfiZn4vxSyvABHOfSsz6zLULLKo=":{"valueMac":{"type":"Buffer","data":"E30ch+yv1+KsyvxW7MuGyfQ+0KAZQsqcnt/GMGInZ28="}},"J2N6kASO7m52FnwTVPVwB+z/akO2LHQ8D/q/ACVr48U=":{"valueMac":{"type":"Buffer","data":"liC0HPcSsOo4sOjPIzBlENKv2e0lDXxO1SLR6Ffd/1Y="}},"pFc0DVdmWwcDfZc6Do2l5l6Y/LzkAxmfxSTSAk9cjAM=":{"valueMac":{"type":"Buffer","data":"vm2atfa2F+cOrHAEfaQ+2or2DvgioInyV445BK+H8Gg="}},"Mu5aVuxIfeBcpwZoNDG3/pwZQn7F5m/dnEkp7W52a1k=":{"valueMac":{"type":"Buffer","data":"LvjxqrI5K7eJdAUSxNL8kx/UezWJ12b1hOXNxblQ4to="}},"iCzGRMnZw59ac5kW0pSnvPOIgTgk5Dgsp25PkcwEPB8=":{"valueMac":{"type":"Buffer","data":"SIFLMPmBmszVF2rsSjyOxBmVVdAhDF308AZzW2ejQF8="}},"MHdASokhRrWua7K7ox6bmdWxNDI9r03IWOROnn2H1tU=":{"valueMac":{"type":"Buffer","data":"Q8qKyFOiRP5Ig9RBXIFRQNGjNh9oorSW1X3sD9iRr3E="}},"X6wGZGUakFQSCmXLGVC9XpOFy5sRVCtXp+Vck/u1VuQ=":{"valueMac":{"type":"Buffer","data":"tETM7ZDG3deofeipm+sMqaoEGh5nJA8JxQFQqhBhJrY="}},"Nc7zQ4Ciab86CdS/FQ9gY1fFSz4jJF9Qi6B3ab1v3RU=":{"valueMac":{"type":"Buffer","data":"dnmJDq2Lc8QCj4Uw72AxtSuk/GByvBgx1Kbz3PEapmk="}},"ZJFqNI+WThlThv2FnmrQFRJvd1UR9ixBw2f+14/ZGE0=":{"valueMac":{"type":"Buffer","data":"DLBSMSfZWwafvC+yguXAmAyyWoW4jbCSO+sMHo7vSPs="}},"lj4UOUaCGD18aDUqtZ33Ps5Nt1xWJnoTNaYveknLmHQ=":{"valueMac":{"type":"Buffer","data":"pKaLzzOos/OBJQQ5MAQB5aCTw+S8dnkHCfWQYanEJxw="}},"7VzMcHOuGjfrLz/ATZR3h65QZd/fbNXbQsWZ+9hq3rk=":{"valueMac":{"type":"Buffer","data":"NWHeCqKKEr6F/La/plVDjfF4O9zsgJ7Bm6JjV8yeeiQ="}}}}