{"version":2,"hash":{"type":"Buffer","data":"fjqkMP2fsdIiczwgF/N6IMnoIqA4IUMVlXlCO0uFlrQlYkoYinIODwGzdQGv5qN88MJ70ClknGRvUbT5ZmmWRDuqosT6z/Z6FarFc8/JLnpvvjBcoyK1fCUZnoloUBF7VOfhhieil8sUunD35cy3u5gC4VdDhlFA6ubYBa2QPXo="},"indexValueMap":{"xQVDIubtNzkcQuU7rfbdz9y7MsJ+Qr9L0xnjXi5XD6Q=":{"valueMac":{"type":"Buffer","data":"TFYGRSCWLZCwuxsleFN4kAzRM3tU+oIOxYAPYwkaoE0="}},"sq/Je0V1+jqR6k95UowO3uCPrts4qlhOHgngw7bbLw0=":{"valueMac":{"type":"Buffer","data":"HXGXrFrwcHLF2k9TBhBEqiCA+Hf68X0d+WUwraOMDuY="}},"l+OYmSh4EsRVGgGC0yaT5aJ16LwEhEE+0r+xsyX3g5w=":{"valueMac":{"type":"Buffer","data":"gu2O3cAmVPc0aCB3gmkrjdW0iATGkKvBvNV3+26fGqk="}},"gGjkeN4S2utC5eQr0y6fPzNJekegXW1c0eu/lHXBDlQ=":{"valueMac":{"type":"Buffer","data":"DBHGaP9d2Jk3AS9yOODL9hUeatKFEgU0upEho4gENAQ="}},"v9r1+tQBypp9HD9YzqTZw6vIjlX5oqJdK6/L4Ozhhfw=":{"valueMac":{"type":"Buffer","data":"lHmOGFxuFr23QU3dE2/zm8Q9I6IgVZ1CR9mNZQ/bpjk="}},"fb8DF0ZJXQ7BbE6aT4WHgvdpxjaA4GRYQjuwHHpHrsQ=":{"valueMac":{"type":"Buffer","data":"IRyrtmMQ7s23Dd1cz8UAYhs0gwcOVAJqcXu5LQanGto="}},"4GiHIQmKwP4kxQqpBWyB9o55877Zb79QHhwI5ecUU7s=":{"valueMac":{"type":"Buffer","data":"Qk1ruCrYb0TBs4VQPXzZYzB5ught1mHhUJgvqnmd2Aw="}},"Dp0rCO25IVDEcfZtDiYKQMVACvZ3iM6Xn4vNCO8vxmU=":{"valueMac":{"type":"Buffer","data":"bv4eSzJam7a/SsVZmVOQimWzdrssokIPTwd8PxlSErc="}},"TGxNGGxSz0pro1MBrp8CF4/hSLOkdx4vQMMIaPNXBuk=":{"valueMac":{"type":"Buffer","data":"P33oQFLUv+8iKjjwN23kAeO4NxuOBugOQJt8jUo69ec="}},"81NkmoDhAj98RU6ojhfqxRzJzAMd8tc8kQ/V+FKY2SE=":{"valueMac":{"type":"Buffer","data":"AKwM0nTFyTW7ZhQ0Qa0+oRV8SiI1omlvvd0GkCYEsu4="}},"U9vDNiv+kkyEKDct/0JRFY5SWuOhtloMuJD/iJ0t/uc=":{"valueMac":{"type":"Buffer","data":"zSPS3h1ueICpwpgxO+fkt+pEdNtrYzOPOajpx6AVCPY="}},"2A4sFadpvumW12EVUUeeLQnIdV8aPUiPJIH+s4f6zq4=":{"valueMac":{"type":"Buffer","data":"n/LycT6BAZgrXsf+hIwjv2avypYPUuvGOvDM0ZPjHxM="}},"QscrS3+4a2h8pWZXUvl334KA9/xGbC3ubbiEdIwFCC0=":{"valueMac":{"type":"Buffer","data":"Ebwa43xnvSZrMqdJUARsJOrS+/tEUT2Gwe4TlqRaRPs="}},"P1c+7R9e+LnQa8SfTydtNjP8P0oVuFULM/LLWngM00o=":{"valueMac":{"type":"Buffer","data":"j3beP6dh6CNS0fgLWk2UpyIgy0IHV35r4/525xmD4TA="}},"wgMXGYw9gWhGcTqkAKg+Ma2bMBsk0UbHIwlqYgY723s=":{"valueMac":{"type":"Buffer","data":"wCjZuHPoVcRTSnFvjqAkKd1mlaKI8VN70tG0g1rn7Ow="}}}}