{"version":1,"hash":{"type":"Buffer","data":"bXx6vB9LZuQGBFMSap48XqAFEf/lGjjwT63BSQfbRAtNd8T6lZ3AighBLEu88ClE8Gy4ltRjANlY2U90Va48FHHW9PHvf8LhvBoqas+eKOU27mEXavCQItWjffvG6tXePzQ7AyvjsrGnIfpije34iQpVDs8uEhxB0dd3eaEsnZE="},"indexValueMap":{"feyW2Ymi0W8NhZSSdjXefHHRnxeqpx6Hl6C94IFVZk8=":{"valueMac":{"type":"Buffer","data":"U7YLF0l097wiUUxGPvj5pJjNDuMW3Kjk184aXDTe10g="}},"u1dQiioB8qT7PDqVBA7yNK0rLSPHq1Z7GL64/KKnIas=":{"valueMac":{"type":"Buffer","data":"rnx1wPNxY3babAiJfAjYerm/xtYUNKAskotJ8i3TJH0="}}}}