{"noiseKey":{"private":{"type":"Buffer","data":"EB9+4TBB8+Yq6blZgxr4WJoireFbZdhgYFsw01UibkM="},"public":{"type":"Buffer","data":"dFmKWVzgrNMs3QJh3ofXL4COnw+HI8xNl0YflLhkdS0="}},"pairingEphemeralKeyPair":{"private":{"type":"Buffer","data":"0K43uE+xabn2LUS4PtJBbASvhgUVPrxw4OZIy1UpxVA="},"public":{"type":"Buffer","data":"1AQ29OLv7n/XSTAd4ee7Hr2EEcTx239Ni2jKiRT4yjo="}},"signedIdentityKey":{"private":{"type":"Buffer","data":"SG7KTOef4fs+PWDP7MJdcZYCyJ+8SNeJBcySzZR4A34="},"public":{"type":"Buffer","data":"Nd1Odmtw8kTYHIgniUZuLfwGkwpjquPmkp8B6xFFHDQ="}},"signedPreKey":{"keyPair":{"private":{"type":"Buffer","data":"8FRDnWwc6v8wxe5PSg+0/US7mlG2ptTF57mCAoilJ3Y="},"public":{"type":"Buffer","data":"uRkevv66c6lwl46XnZwhvd/rvytrvJBwov7gaEj0wkU="}},"signature":{"type":"Buffer","data":"jn9M8klYydvCPXWhtM0aqmFFhL/Bhc8bgw8/i+0vcni8nfrXukMA1RmYHqAtGIo4Dny1P136t6q+TG2jyAyYCA=="},"keyId":1},"registrationId":80,"advSecretKey":"dT9egQ8clXO6IShV6kgyXdbckFIz4K0gWuUxlGe7+mw=","processedHistoryMessages":[{"key":{"remoteJid":"62882007141574@s.whatsapp.net","fromMe":true,"id":"58B05ED7AEC220E455A169CC01668FFC"},"messageTimestamp":1753449641},{"key":{"remoteJid":"62882007141574@s.whatsapp.net","fromMe":true,"id":"C315F3E9C96AC82292BACD13EF0ABA93"},"messageTimestamp":1753449642}],"nextPreKeyId":31,"firstUnuploadedPreKeyId":31,"accountSyncCounter":1,"accountSettings":{"unarchiveChats":false},"registered":false,"account":{"details":"CPiIz8sDEJ6JjsQGGAEgACgA","accountSignatureKey":"owRs7h+BTfZT2YpaKxQiUxy8qtp3T6g3ocW+gR9/t1E=","accountSignature":"pTxV6m+d9qOUDkrKAIYebvoWXQ9eTurGUBZQrcvQP1OS85Pu2ifhgiYHRL2cVsjK/XRsJ02QgnyH21sWkVBuDg==","deviceSignature":"lNtFTavkfN5K140BW7fuGm7LU2SctEL5r1RReEIuMgjxgZ/JCokp82Qxr3sbiWYyvaXlQso4K7hi5eVjdszwAw=="},"me":{"id":"62882007141574:32@s.whatsapp.net","lid":"211214177169483:32@lid","name":"Admin"},"signalIdentities":[{"identifier":{"name":"62882007141574:32@s.whatsapp.net","deviceId":0},"identifierKey":{"type":"Buffer","data":"BaMEbO4fgU32U9mKWisUIlMcvKrad0+oN6HFvoEff7dR"}}],"platform":"android","routingInfo":{"type":"Buffer","data":"CAUICA=="},"lastAccountSyncTimestamp":1753449638,"lastPropHash":"1K4hH4","myAppStateKeyId":"AAAAANu0"}