{"_sessions":{"BcLrIhsSPNB2GJ6AyZ9kEt9dy7ye7uQ2gxXzX0DrgX5K":{"registrationId":265444985,"currentRatchet":{"ephemeralKeyPair":{"pubKey":"BacrI8TJ2fmn+84CL8KK6hfgEpsZgxR6/fLWB7N9L2JJ","privKey":"GHmjuW5QcvqOjiFlgUsub+ydnDWasHi16SGWlgF22GM="},"lastRemoteEphemeralKey":"Ba9ZZUBYhQrQbprmqfpo1wNx1N3bzCdamfXXy7ZTuSFB","previousCounter":0,"rootKey":"iUC7CiLg9XWpOluer/ub3B4aVmvyx8WJovUuuKsJeQY="},"indexInfo":{"baseKey":"BcLrIhsSPNB2GJ6AyZ9kEt9dy7ye7uQ2gxXzX0DrgX5K","baseKeyType":1,"closed":-1,"used":1753449665340,"created":1753449665340,"remoteIdentityKey":"BRqSGihECt2GhfrMAPXlZoEqoK1iWQ4103C4hgz4Ltt/"},"_chains":{"BacrI8TJ2fmn+84CL8KK6hfgEpsZgxR6/fLWB7N9L2JJ":{"chainKey":{"counter":4,"key":"ZjtqhteULZ0Twu87bKREV+G5VEh/cmkEFrY0/AStw78="},"chainType":1,"messageKeys":{}}},"pendingPreKey":{"signedKeyId":1,"baseKey":"BcLrIhsSPNB2GJ6AyZ9kEt9dy7ye7uQ2gxXzX0DrgX5K"}}},"version":"v1"}