{"_sessions":{"BcMc6M8aspsYFZp7udNy/hccWBKEsC2hl68gF2lfwJl8":{"registrationId":740813834,"currentRatchet":{"ephemeralKeyPair":{"pubKey":"BXF3dnUDn+9y+oCp2cI7RS1QFIDBzd46qnL1YGVSFlBN","privKey":"cETSYzwQ7PB5S8u4l9lsjIq0E6G6uxz02H95Ji/n2kI="},"lastRemoteEphemeralKey":"BV91x3Yn0SX++LYHNcRRYilTw9nwOStSQx6VSXDpvDA/","previousCounter":0,"rootKey":"7kn5y5RgiJx7thhbUymscutor7GDeFOmn7vWu9ex2is="},"indexInfo":{"baseKey":"BcMc6M8aspsYFZp7udNy/hccWBKEsC2hl68gF2lfwJl8","baseKeyType":1,"closed":-1,"used":1753449656398,"created":1753449656398,"remoteIdentityKey":"BR1M8YoYxYYZUi2POACBx1KOgXhoM0BH+11afnJVugxs"},"_chains":{"BXF3dnUDn+9y+oCp2cI7RS1QFIDBzd46qnL1YGVSFlBN":{"chainKey":{"counter":5,"key":"Hm3xdnc6EYvASMLetClPYgYxjN3I5WYpKlzjNEU3w1A="},"chainType":1,"messageKeys":{}}},"pendingPreKey":{"signedKeyId":1,"baseKey":"BcMc6M8aspsYFZp7udNy/hccWBKEsC2hl68gF2lfwJl8","preKeyId":241}}},"version":"v1"}