{"_sessions":{"BdY8gE3e55V5lvn/tmrJTaicKLEVLk4RY2QaNCjnfzYE":{"registrationId":149182046,"currentRatchet":{"ephemeralKeyPair":{"pubKey":"BR470NEbekEWgPWD1pN5c/Rp+jBQoVaeupEWTdo3lvRz","privKey":"qBe1nctxKp66I8cz2tCacpmXhcWuprxgR4BDv8Rwi3k="},"lastRemoteEphemeralKey":"BWJ5tc1pAQvkYxG5nq1mhu4CeRqe7xUbPiBRUoe1ncMr","previousCounter":0,"rootKey":"pqUaZXYtvICHtcfG9HjyaRH81MkU2HCmrq9oEvBPWgs="},"indexInfo":{"baseKey":"BdY8gE3e55V5lvn/tmrJTaicKLEVLk4RY2QaNCjnfzYE","baseKeyType":1,"closed":-1,"used":1753449665346,"created":1753449665346,"remoteIdentityKey":"BacMoWJkliXXrix3KfjBaTdcf75H2UiOXwqCGdED+QNl"},"_chains":{"BR470NEbekEWgPWD1pN5c/Rp+jBQoVaeupEWTdo3lvRz":{"chainKey":{"counter":4,"key":"DHmfXKwrfPN/+9Y2h6HswTE3tDhUyq8HQ51oBp2jqEE="},"chainType":1,"messageKeys":{}}},"pendingPreKey":{"signedKeyId":16,"baseKey":"BdY8gE3e55V5lvn/tmrJTaicKLEVLk4RY2QaNCjnfzYE","preKeyId":13864550}}},"version":"v1"}