{"_sessions":{"BWwvKi5MNnfVtXcwgMTQUwrTWC+HnxVJyMakhyIctxE2":{"registrationId":550966300,"currentRatchet":{"ephemeralKeyPair":{"pubKey":"BW9y5kbpoAeeWhNHONfhhnuEQkj+1Yr6qvs1c0JqEyYD","privKey":"SIkUPNvomzl5A4Khq9KAugrzG1XMmLmxUJPbL0BKE0s="},"lastRemoteEphemeralKey":"BUqH/dkvqdOFH7t6Bqhxgc71a4wEXjQiX1s8ga7lN/EJ","previousCounter":0,"rootKey":"l4souhvx+u+6YzFlve1fYEUm9F7+XmhaS5wh8Vb2ZRM="},"indexInfo":{"baseKey":"BWwvKi5MNnfVtXcwgMTQUwrTWC+HnxVJyMakhyIctxE2","baseKeyType":1,"closed":-1,"used":1753449665402,"created":1753449665402,"remoteIdentityKey":"BcmOa1wxuGJRRYQe7OB9sws5iGL3IurjWKCsriDOyFoA"},"_chains":{"BW9y5kbpoAeeWhNHONfhhnuEQkj+1Yr6qvs1c0JqEyYD":{"chainKey":{"counter":4,"key":"gMWNBZzZr/TeiGAy8rpi4tF+1s6rBeMymy4qazCWaZ0="},"chainType":1,"messageKeys":{}}},"pendingPreKey":{"signedKeyId":12,"baseKey":"BWwvKi5MNnfVtXcwgMTQUwrTWC+HnxVJyMakhyIctxE2","preKeyId":9207813}}},"version":"v1"}