{"_sessions":{"BaMfAUh+e9ntGpFM+DMJmLD6rMHev/1XinQY4r8p7/FF":{"registrationId":6713,"currentRatchet":{"ephemeralKeyPair":{"pubKey":"BT9QbouvdpFiR8jeMx4y5syQK/aYqK8SrqGq2Yv/H/tf","privKey":"KMhWoUlxWmW4XxA7XNliVNSB9fKc1R1He3EyDb0+vFc="},"lastRemoteEphemeralKey":"BdoDZqJOG8unjvMQngeQ0zo992YiD6GqX2+GbvQNvtxZ","previousCounter":0,"rootKey":"C9WS7FuyfpihvcEFEMGa3a3IsxYHk686sRQd9UP3jAQ="},"indexInfo":{"baseKey":"BaMfAUh+e9ntGpFM+DMJmLD6rMHev/1XinQY4r8p7/FF","baseKeyType":1,"closed":-1,"used":1753449665330,"created":1753449665330,"remoteIdentityKey":"BSCfNI75KbQtI2GEXnmCh1QUC12oaOWluPmHPp0Rt4Zr"},"_chains":{"BT9QbouvdpFiR8jeMx4y5syQK/aYqK8SrqGq2Yv/H/tf":{"chainKey":{"counter":4,"key":"kmDA6t3uGxpf0d6kD2U3kS9ubj1a0K3zA4z+pCCchVg="},"chainType":1,"messageKeys":{}}},"pendingPreKey":{"signedKeyId":1,"baseKey":"BaMfAUh+e9ntGpFM+DMJmLD6rMHev/1XinQY4r8p7/FF","preKeyId":154}}},"version":"v1"}