{"_sessions":{"BZclhBTBsaLsJvQQ22w/VtDBApoAhoK+I9BzQCqFfyIJ":{"registrationId":1332523238,"currentRatchet":{"ephemeralKeyPair":{"pubKey":"BWzcWnIflZzoQt7ARsE3SWHO1RAC8lIEFhUl3CmFGREf","privKey":"iEm32vuc3vNKwYWs2mvmvAYKarOHIw5Cg0OrxoKRYF8="},"lastRemoteEphemeralKey":"BTpm9+vb4hv0/s9ndttaQsq7cRyVAdn5sD2Gjm8vZVtK","previousCounter":0,"rootKey":"h9ld+KiT3XEifBxE0pb+2wGTuVXOWBY8vt4xYRLdhaI="},"indexInfo":{"baseKey":"BZclhBTBsaLsJvQQ22w/VtDBApoAhoK+I9BzQCqFfyIJ","baseKeyType":1,"closed":-1,"used":1753449665412,"created":1753449665412,"remoteIdentityKey":"BahLigQzXV4hboAWJ4XJg8fXS1OmDJPgXiO3Zmzl+HMh"},"_chains":{"BWzcWnIflZzoQt7ARsE3SWHO1RAC8lIEFhUl3CmFGREf":{"chainKey":{"counter":4,"key":"CTUDFq6Fmm0fTCjAcQuI9scMCw8TeH6cZ+Gij86LqVY="},"chainType":1,"messageKeys":{}}},"pendingPreKey":{"signedKeyId":10803213,"baseKey":"BZclhBTBsaLsJvQQ22w/VtDBApoAhoK+I9BzQCqFfyIJ","preKeyId":4586}}},"version":"v1"}