{"_sessions":{"BRuWToiE5jsY4yjQ4pjIO+VgwbN1v5yFOt1YVvnEHlA9":{"registrationId":1740593307,"currentRatchet":{"ephemeralKeyPair":{"pubKey":"Bfw0w39DpyXAqM3oRLLN2zLZMEAZlDTdzd2CKxXe5v5A","privKey":"2GA+ZijTy5M9db8NVvS7YRSNNVj2rsf7jNW7cv6LBFk="},"lastRemoteEphemeralKey":"BSFJVI7La+5KFNFwXAu7CPTgcW4Bwdxsz/OL4pc2FAFL","previousCounter":0,"rootKey":"1O9gIjhh1pcL4jKGBxK8Y/utY5/7rkAXK92z3tNoIng="},"indexInfo":{"baseKey":"BRuWToiE5jsY4yjQ4pjIO+VgwbN1v5yFOt1YVvnEHlA9","baseKeyType":1,"closed":-1,"used":1753449665287,"created":1753449665287,"remoteIdentityKey":"BX+AK/7hGSSwpTA8lOrxhueyZ1czMrsA8sqB4yChmhU3"},"_chains":{"Bfw0w39DpyXAqM3oRLLN2zLZMEAZlDTdzd2CKxXe5v5A":{"chainKey":{"counter":4,"key":"Tz0LhtcfVAt2dknH6MsiL4osEa2nz4yG4quv/vDzVPQ="},"chainType":1,"messageKeys":{}}},"pendingPreKey":{"signedKeyId":1,"baseKey":"BRuWToiE5jsY4yjQ4pjIO+VgwbN1v5yFOt1YVvnEHlA9","preKeyId":1241}}},"version":"v1"}