{"_sessions":{"BfNAUv2XXBOeK19ahbSyUtpj1xXapq9SeWIIm2uAJNoB":{"registrationId":537703393,"currentRatchet":{"ephemeralKeyPair":{"pubKey":"BfLiJb5da7E6wnRsLcvlmt692UHmKH4/3tD5ccrkvVco","privKey":"8FIb9T0i8lsVJUlyjLXxA3/Y0RamgZGZh4n4EyO9ZkE="},"lastRemoteEphemeralKey":"BTdZLuM6h8Oca8wc00MbYvGH5I5pHsTm8FsW/vHrPUZP","previousCounter":0,"rootKey":"Bf/VzI9xBH6bBAnH6SSJNK4rbp9UNDZyWUfKH1VBAJc="},"indexInfo":{"baseKey":"BfNAUv2XXBOeK19ahbSyUtpj1xXapq9SeWIIm2uAJNoB","baseKeyType":1,"closed":-1,"used":1753449665299,"created":1753449665299,"remoteIdentityKey":"BZnQ4bYSfZEiHtRVVK5FGdoLv5wbmM5DDrfXoAZ+xHQE"},"_chains":{"BfLiJb5da7E6wnRsLcvlmt692UHmKH4/3tD5ccrkvVco":{"chainKey":{"counter":4,"key":"ka4m42/sbSGUJmoOiEgYIVU3SneJpt2X1fV4wdVkxYY="},"chainType":1,"messageKeys":{}}},"pendingPreKey":{"signedKeyId":3,"baseKey":"BfNAUv2XXBOeK19ahbSyUtpj1xXapq9SeWIIm2uAJNoB","preKeyId":342}}},"version":"v1"}