{"_sessions":{"BSknYRQYGJbWy9Idar7BU6kt/1p1fFG0zVu6Cy3NEBh9":{"registrationId":188710843,"currentRatchet":{"ephemeralKeyPair":{"pubKey":"BcP9SMEQdB8MFWajQv4AvvhF4EOsCIJVnEg6Ko7/a9kR","privKey":"gA9z5b76I3zd6xi5PqWlp1uYKWSG9eZavzoDV1SVYlY="},"lastRemoteEphemeralKey":"BY2ZVVOYnH2whKZDgr02EZ4RRse47EhOdyQtaQuKjbwx","previousCounter":0,"rootKey":"q1+itVOnH33iIcYiYav7Mt8wVzFs0cQMhhk051jrE+Q="},"indexInfo":{"baseKey":"BSknYRQYGJbWy9Idar7BU6kt/1p1fFG0zVu6Cy3NEBh9","baseKeyType":1,"closed":-1,"used":1753449665407,"created":1753449665407,"remoteIdentityKey":"BXZkbd39HbFPgJTnXfnUcTemb9mZLIgNjZsvu715AM9w"},"_chains":{"BcP9SMEQdB8MFWajQv4AvvhF4EOsCIJVnEg6Ko7/a9kR":{"chainKey":{"counter":4,"key":"VNMmWEpXpAPsqnD9NtVIVg03caSIG4Ti3SsML+R6h9s="},"chainType":1,"messageKeys":{}}},"pendingPreKey":{"signedKeyId":0,"baseKey":"BSknYRQYGJbWy9Idar7BU6kt/1p1fFG0zVu6Cy3NEBh9","preKeyId":9739612}}},"version":"v1"}