{"_sessions":{"BSz9usAm0c5fbZV7Qi2xJ2o8w/eHIrAbG7Vyo4351cc/":{"registrationId":1235584241,"currentRatchet":{"ephemeralKeyPair":{"pubKey":"Bfxf67PWV08tTFk5WnAnOmKwlqDxa4UREApdDy3XdQdC","privKey":"YK/wRtgt75NiDwFzTlYZ3M3gs4rtbUWfCfYs2zBHoFs="},"lastRemoteEphemeralKey":"BRKCk0PdC+a+mXnrgcQ6pXTfM0Hm6zaBH72K/uFxM+ZZ","previousCounter":0,"rootKey":"NBXKf+w+jGTYKeeG5Ie7kJmP8Xe10xxKBFcB7AVPgx4="},"indexInfo":{"baseKey":"BSz9usAm0c5fbZV7Qi2xJ2o8w/eHIrAbG7Vyo4351cc/","baseKeyType":1,"closed":-1,"used":1753449665423,"created":1753449665423,"remoteIdentityKey":"BeIh36ez/mKL+pCO0RVP9pBIaetRWZd0O8p8mqF9WxFg"},"_chains":{"Bfxf67PWV08tTFk5WnAnOmKwlqDxa4UREApdDy3XdQdC":{"chainKey":{"counter":4,"key":"N2Gpd9DA0LR654GPUeTlJnq6s13UMc5W9e4FtH0UNfA="},"chainType":1,"messageKeys":{}}},"pendingPreKey":{"signedKeyId":22,"baseKey":"BSz9usAm0c5fbZV7Qi2xJ2o8w/eHIrAbG7Vyo4351cc/","preKeyId":12995646}}},"version":"v1"}