{"_sessions":{"BR8d/BGdxdiDw3gOCrbSfBGHDT4ThHNYQYTo4lHZyR8T":{"registrationId":232697520,"currentRatchet":{"ephemeralKeyPair":{"pubKey":"Be7MitY++RVXzTnJyTkLafgm8lT2WC37rS9RcxubOUdu","privKey":"6BdtZkO3Q4KUkxP3KoYbZ3Fd4trg90vkDfOkxSTNaEU="},"lastRemoteEphemeralKey":"BXHL24a6Ve91RzYJT2dFc+Zf5XIyowdkSKv2BZNdCf4l","previousCounter":0,"rootKey":"Is2RzXJUXGE7IcjBTtYVOjzo9K2oF9GssRbqbiiYsiY="},"indexInfo":{"baseKey":"BR8d/BGdxdiDw3gOCrbSfBGHDT4ThHNYQYTo4lHZyR8T","baseKeyType":1,"closed":-1,"used":1753449665367,"created":1753449665367,"remoteIdentityKey":"BWCgWH1t78d4cWRboz8hu/Ci4LoQHSxARNiLwZNAbE8X"},"_chains":{"Be7MitY++RVXzTnJyTkLafgm8lT2WC37rS9RcxubOUdu":{"chainKey":{"counter":4,"key":"K4LhpiSysIFMOOozz1O4OAdHjpsmaQmB64Jbf1taFQ8="},"chainType":1,"messageKeys":{}}},"pendingPreKey":{"signedKeyId":6,"baseKey":"BR8d/BGdxdiDw3gOCrbSfBGHDT4ThHNYQYTo4lHZyR8T","preKeyId":13221420}}},"version":"v1"}