{"_sessions":{"BXIA3HvmShyalkmbYXA9NRF77Y6s14jIAFPMIDc/7rIs":{"registrationId":1522992645,"currentRatchet":{"ephemeralKeyPair":{"pubKey":"Bfsc4UjmWmKDfu1oJ7YVvY1MhkpLl7rweiGC1dV74Xxz","privKey":"wIrVY0LJOb26Q7f2GtrRnvQJwGt+qIh/TkOHZAvnv14="},"lastRemoteEphemeralKey":"BdnC1EDNwkJHcchv5Ad9OfjiDuXr5d17lWlF0YSCmlV1","previousCounter":0,"rootKey":"eIVWjE9M8div5XEAdAl2uiG3pzivz5MNgsVeDfNoB88="},"indexInfo":{"baseKey":"BXIA3HvmShyalkmbYXA9NRF77Y6s14jIAFPMIDc/7rIs","baseKeyType":2,"closed":-1,"used":1753449640048,"created":1753449640048,"remoteIdentityKey":"BaMEbO4fgU32U9mKWisUIlMcvKrad0+oN6HFvoEff7dR"},"_chains":{"BdnC1EDNwkJHcchv5Ad9OfjiDuXr5d17lWlF0YSCmlV1":{"chainKey":{"counter":5,"key":"+E9SKfA1FWI+d2QCvP67rxXwUuPGlxkSmoFD4YjX9x8="},"chainType":2,"messageKeys":{}},"Bfsc4UjmWmKDfu1oJ7YVvY1MhkpLl7rweiGC1dV74Xxz":{"chainKey":{"counter":6,"key":"mHNYgdErWcbp4Ijwk438NK2J1OkDuRFyWQxXbhsUFLo="},"chainType":1,"messageKeys":{}}}}},"version":"v1"}