{"_sessions":{"BZb+64IJ33jgZKqwzPudeuTB5ih5Ox45vIRnQyMDvYIu":{"registrationId":113898161,"currentRatchet":{"ephemeralKeyPair":{"pubKey":"BfYNZhEZjKAodnLtxU62qSb8uCr5EDfQCprJ7R2egyhO","privKey":"2Bd/OmhMVOb7l3S7crBzfzCCF6MHUGdv9QWxNQ2kS3Y="},"lastRemoteEphemeralKey":"BX6ZuC2euA0FCHPz8orIf9lonCqVZmPe/BYw8ye3EJxq","previousCounter":0,"rootKey":"7ew0eLkH7mP2q29V7WcMZiJgjBCSsBdhAaucvj/lqtQ="},"indexInfo":{"baseKey":"BZb+64IJ33jgZKqwzPudeuTB5ih5Ox45vIRnQyMDvYIu","baseKeyType":1,"closed":-1,"used":1753449665305,"created":1753449665305,"remoteIdentityKey":"BTpht15vRtGlKlTD9hz0SN8D39UwfAmya06fk8Tz5K4C"},"_chains":{"BfYNZhEZjKAodnLtxU62qSb8uCr5EDfQCprJ7R2egyhO":{"chainKey":{"counter":4,"key":"YP/kf9eaaUymYax/HydrpxNcPRRsVE27x6DJZFNFbSY="},"chainType":1,"messageKeys":{}}},"pendingPreKey":{"signedKeyId":1,"baseKey":"BZb+64IJ33jgZKqwzPudeuTB5ih5Ox45vIRnQyMDvYIu","preKeyId":57}}},"version":"v1"}