{"_sessions":{"BRXXxVrI9lDSRSGxT2KvXG/myU9XZCtrI9VuBHzICNds":{"registrationId":2142481093,"currentRatchet":{"ephemeralKeyPair":{"pubKey":"BX829ok10SPuALZxyoIRZVsXyGmQMAM4cvK7eFLR7rFc","privKey":"EL7dQSag00TMh9qLqYaic9mMntyRZOCTl+2VjaFfhnM="},"lastRemoteEphemeralKey":"Ba9Eu4Ipe416qrs9GxPiWYT0wYxt/jr1Xuwr9qrCmqsV","previousCounter":0,"rootKey":"Hd1gp8Mqq3LWF9UUvbJSecxryH4dJzTPbkmB6e6DVZw="},"indexInfo":{"baseKey":"BRXXxVrI9lDSRSGxT2KvXG/myU9XZCtrI9VuBHzICNds","baseKeyType":2,"closed":1753449666567,"used":1753449663887,"created":1753449655571,"remoteIdentityKey":"BZ5ov3fdwrDBR0gfFF/foUbce4riO/r/6mpvn0B3SKJA"},"_chains":{"BSOhoteGA4bICIVosA91NyXyx7/9yjAc5hqvh5DG5V4O":{"chainKey":{"counter":0},"chainType":2,"messageKeys":{}},"Ba9Eu4Ipe416qrs9GxPiWYT0wYxt/jr1Xuwr9qrCmqsV":{"chainKey":{"counter":0,"key":"5eoDj8Oxtnwbz7RlB22PXw4kWVIwjR/fOgAhF4JV2yM="},"chainType":2,"messageKeys":{}},"BX829ok10SPuALZxyoIRZVsXyGmQMAM4cvK7eFLR7rFc":{"chainKey":{"counter":-1,"key":"loxT/Yo23jLya49Zkn6jjpNcBsk2OntCkuwNMhqmgyQ="},"chainType":1,"messageKeys":{}}}},"BdvXqbotg40PyhbmHPeGkd52YbMtL2J/0ofeGYa4S78g":{"registrationId":2142481093,"currentRatchet":{"ephemeralKeyPair":{"pubKey":"BUVhJYPLtnf3vHGMBsdC+lZPPPcGP4f1ddZ7LNQFuPkU","privKey":"eKNO0e5BEUMEnjS8ZnHpzqAnEPliIbF2fvY5bohMjUQ="},"lastRemoteEphemeralKey":"BVPynM6VaGfl1CLo5Xcw5jfg6nCSAK9otSE82JI9Y8xv","previousCounter":0,"rootKey":"JlXUglH4sOQ9UhlhZro37NnSbj/dxMgNBvw9gcgvQfQ="},"indexInfo":{"baseKey":"BdvXqbotg40PyhbmHPeGkd52YbMtL2J/0ofeGYa4S78g","baseKeyType":1,"closed":1753449666892,"used":1753449666561,"created":1753449666561,"remoteIdentityKey":"BZ5ov3fdwrDBR0gfFF/foUbce4riO/r/6mpvn0B3SKJA"},"_chains":{"BUVhJYPLtnf3vHGMBsdC+lZPPPcGP4f1ddZ7LNQFuPkU":{"chainKey":{"counter":-1,"key":"Mo+/Q9D8JiMLuPgFL/mI/TkxeHilrcTUNuuJDgQ13iY="},"chainType":1,"messageKeys":{}}},"pendingPreKey":{"signedKeyId":9,"baseKey":"BdvXqbotg40PyhbmHPeGkd52YbMtL2J/0ofeGYa4S78g","preKeyId":14804987}},"BUTH2WHWSi23OUEgiuptS/eYOT/5c3zbpIRbWXQtNDd7":{"registrationId":2142481093,"currentRatchet":{"ephemeralKeyPair":{"pubKey":"BdZEZFTvbFi/zpDsw5d5fU7e6J24ONN6Xvyzj3+PC9d9","privKey":"OAjr9Bhh5OloxeACxGP97RjV6hyp/ByaiBy2z6rzK1k="},"lastRemoteEphemeralKey":"BVPynM6VaGfl1CLo5Xcw5jfg6nCSAK9otSE82JI9Y8xv","previousCounter":0,"rootKey":"BbiQtvgdeUN8N3A+P2ne+Pu+tCAnxs/SXayREMSr9h8="},"indexInfo":{"baseKey":"BUTH2WHWSi23OUEgiuptS/eYOT/5c3zbpIRbWXQtNDd7","baseKeyType":1,"closed":1753449677772,"used":1753449666888,"created":1753449666888,"remoteIdentityKey":"BZ5ov3fdwrDBR0gfFF/foUbce4riO/r/6mpvn0B3SKJA"},"_chains":{"BdZEZFTvbFi/zpDsw5d5fU7e6J24ONN6Xvyzj3+PC9d9":{"chainKey":{"counter":-1,"key":"G76ttqdVfTWsF+xye0ZF4MB95X8qkxHQeIB5XzNuRj4="},"chainType":1,"messageKeys":{}}},"pendingPreKey":{"signedKeyId":9,"baseKey":"BUTH2WHWSi23OUEgiuptS/eYOT/5c3zbpIRbWXQtNDd7","preKeyId":14805090}},"BRNRz6Jo9aiaaNViCXJQZ9N5QW2tkFWjglZrvOuehQZU":{"registrationId":2142481093,"currentRatchet":{"ephemeralKeyPair":{"pubKey":"BXxMPCxXzeoGT21ZvzeIPg9OKwXR+EMBFoG0mTVNkY15","privKey":"YGpddOhYf/91iCWnFUI3mk50Y1ngPxOqe87lFSUEoGk="},"lastRemoteEphemeralKey":"BVPynM6VaGfl1CLo5Xcw5jfg6nCSAK9otSE82JI9Y8xv","previousCounter":0,"rootKey":"yn1TEX6NuM1zygZ2S8xCEhSjBBgz1xFG75P6Y7IZjPA="},"indexInfo":{"baseKey":"BRNRz6Jo9aiaaNViCXJQZ9N5QW2tkFWjglZrvOuehQZU","baseKeyType":1,"closed":1753449726107,"used":1753449677768,"created":1753449677768,"remoteIdentityKey":"BZ5ov3fdwrDBR0gfFF/foUbce4riO/r/6mpvn0B3SKJA"},"_chains":{"BXxMPCxXzeoGT21ZvzeIPg9OKwXR+EMBFoG0mTVNkY15":{"chainKey":{"counter":-1,"key":"mPPvZ3Hdde4h7vJpVUl2C+ScI8hxwjm67sZTjQUpBnc="},"chainType":1,"messageKeys":{}}},"pendingPreKey":{"signedKeyId":9,"baseKey":"BRNRz6Jo9aiaaNViCXJQZ9N5QW2tkFWjglZrvOuehQZU","preKeyId":14804862}},"BSjitabDJ1OmBlXeiCAjymkrdDHlblgLH248eL0HtN4D":{"registrationId":2142481093,"currentRatchet":{"ephemeralKeyPair":{"pubKey":"BaIVba3u/p5YGfF5Ca7+TPDXemMxnVk832i+kcfOVfBp","privKey":"sP1lb2Ij4mGyLkL3Jq1n8jEeiDiNs35/qBOyi3m04VU="},"lastRemoteEphemeralKey":"BVPynM6VaGfl1CLo5Xcw5jfg6nCSAK9otSE82JI9Y8xv","previousCounter":0,"rootKey":"Ogvso4V2qOe1kQkDW8agKDq9nByNEwYghaJ9jZLZc3w="},"indexInfo":{"baseKey":"BSjitabDJ1OmBlXeiCAjymkrdDHlblgLH248eL0HtN4D","baseKeyType":1,"closed":1753449729689,"used":1753449726103,"created":1753449726103,"remoteIdentityKey":"BZ5ov3fdwrDBR0gfFF/foUbce4riO/r/6mpvn0B3SKJA"},"_chains":{"BaIVba3u/p5YGfF5Ca7+TPDXemMxnVk832i+kcfOVfBp":{"chainKey":{"counter":-1,"key":"wT9qSXov6bOSdqoxd42Oejj+AounHgV+EPA8JyhMW1A="},"chainType":1,"messageKeys":{}}},"pendingPreKey":{"signedKeyId":9,"baseKey":"BSjitabDJ1OmBlXeiCAjymkrdDHlblgLH248eL0HtN4D","preKeyId":14804922}},"Ba+28AlRp4vl9VWjeF23mVY9Lt5dylEISrlcDJHm4ZsY":{"registrationId":2142481093,"currentRatchet":{"ephemeralKeyPair":{"pubKey":"BebFdgox6Iz2L3CtGqHqlD4pB3ixwaMLI0D3h2GCc3or","privKey":"cHfbWn8Mi7ESOv874amn0+L5x+VVZAP95sFrxMnblUE="},"lastRemoteEphemeralKey":"BVPynM6VaGfl1CLo5Xcw5jfg6nCSAK9otSE82JI9Y8xv","previousCounter":0,"rootKey":"zescvLLwPcnR/wvcsGwXuc1UD4FWqZLIRKkpOtupYyc="},"indexInfo":{"baseKey":"Ba+28AlRp4vl9VWjeF23mVY9Lt5dylEISrlcDJHm4ZsY","baseKeyType":1,"closed":1753449749070,"used":1753449729684,"created":1753449729684,"remoteIdentityKey":"BZ5ov3fdwrDBR0gfFF/foUbce4riO/r/6mpvn0B3SKJA"},"_chains":{"BebFdgox6Iz2L3CtGqHqlD4pB3ixwaMLI0D3h2GCc3or":{"chainKey":{"counter":-1,"key":"w00s7T9pB1mN/3wgDxNAfTm2/x88OSOg1MTdbBf+2ug="},"chainType":1,"messageKeys":{}}},"pendingPreKey":{"signedKeyId":9,"baseKey":"Ba+28AlRp4vl9VWjeF23mVY9Lt5dylEISrlcDJHm4ZsY","preKeyId":14805039}},"BaDjpeeUwvFGPvEO0F/kb/7ogXrLXsi/NzbZryvXv7VO":{"registrationId":2142481093,"currentRatchet":{"ephemeralKeyPair":{"pubKey":"BdJcIy5P6hG/+7CYh/0Ja8/vSckxkABa0uXDfOLHZHQ0","privKey":"4CeMawzPRuDT4KtWphN6nLQS5EzPL0Ln3yqUGgWELEo="},"lastRemoteEphemeralKey":"BVPynM6VaGfl1CLo5Xcw5jfg6nCSAK9otSE82JI9Y8xv","previousCounter":0,"rootKey":"KxIxlcOTVvwjSwqgvrZnFoLXL5XI7FjX29m3ff52rw4="},"indexInfo":{"baseKey":"BaDjpeeUwvFGPvEO0F/kb/7ogXrLXsi/NzbZryvXv7VO","baseKeyType":1,"closed":-1,"used":1753449749065,"created":1753449749065,"remoteIdentityKey":"BZ5ov3fdwrDBR0gfFF/foUbce4riO/r/6mpvn0B3SKJA"},"_chains":{"BdJcIy5P6hG/+7CYh/0Ja8/vSckxkABa0uXDfOLHZHQ0":{"chainKey":{"counter":-1,"key":"TwWVsAEAoKVJQFTa/84ZLCKlV11r1UgAUWL0pr30Bg8="},"chainType":1,"messageKeys":{}}},"pendingPreKey":{"signedKeyId":9,"baseKey":"BaDjpeeUwvFGPvEO0F/kb/7ogXrLXsi/NzbZryvXv7VO","preKeyId":14804789}}},"version":"v1"}