{"_sessions":{"Bdcum7pV41WdIACPQqFB+Vc9HQXSmh/AEu0u2M33T0cR":{"registrationId":288599423,"currentRatchet":{"ephemeralKeyPair":{"pubKey":"BZ440/79hFcvZ/YqWzltmxsV3wrf/lwCmKQmxPkg5cAc","privKey":"8FnNCe4VokA5CSzIR0rC4J0kydBEXsFsLtOvJ19LQEo="},"lastRemoteEphemeralKey":"Ba+CXiMgAvrcQw3OiB1LPw5LGyv3zDjiVRl6lR5r35sr","previousCounter":0,"rootKey":"Pp3F+UWvaVGA5c99wKl7iWnS7LT78pgqHkrLf5GTZVw="},"indexInfo":{"baseKey":"Bdcum7pV41WdIACPQqFB+Vc9HQXSmh/AEu0u2M33T0cR","baseKeyType":1,"closed":-1,"used":1753449665388,"created":1753449665388,"remoteIdentityKey":"BWRu0ov4nYoMBszZS5QBdFc+TCydbCNURnuu4t1NLnxn"},"_chains":{"BZ440/79hFcvZ/YqWzltmxsV3wrf/lwCmKQmxPkg5cAc":{"chainKey":{"counter":4,"key":"1oHmh/AA750SV8d41NAt46uS1AlLYOJyYrzkbBHzUB8="},"chainType":1,"messageKeys":{}}},"pendingPreKey":{"signedKeyId":5,"baseKey":"Bdcum7pV41WdIACPQqFB+Vc9HQXSmh/AEu0u2M33T0cR","preKeyId":3071003}}},"version":"v1"}