{"_sessions":{"BYuMydeBmHZKbo+b0mxXHaZABIkICABxkkcogIyMzsUe":{"registrationId":6180,"currentRatchet":{"ephemeralKeyPair":{"pubKey":"BdQAvWu9TsZB/QkQvaEz7SnHjw2oQLOpmdjkHYDlyLI1","privKey":"yAIZbzQoSHiGZm8/+JBJeRwPghUzlSmB5mFHuROHykQ="},"lastRemoteEphemeralKey":"BUhEy/UO00LoRBm9+Eab+kmBDDfmVIhuPpvD6sLjEb4p","previousCounter":0,"rootKey":"s0ZKykfjSsSq3zlM59jn4mxRBfCNSJA3CkfmehNhNro="},"indexInfo":{"baseKey":"BYuMydeBmHZKbo+b0mxXHaZABIkICABxkkcogIyMzsUe","baseKeyType":1,"closed":-1,"used":1753449665310,"created":1753449665310,"remoteIdentityKey":"BW9mvMQTcHskynaeZxUAaON+SgBtzutc2D/10V0WTpxK"},"_chains":{"BdQAvWu9TsZB/QkQvaEz7SnHjw2oQLOpmdjkHYDlyLI1":{"chainKey":{"counter":4,"key":"q+FF6TR1d9DsQSSXNzDjaTB0t9m991sl2oyU7/Uj6I4="},"chainType":1,"messageKeys":{}}},"pendingPreKey":{"signedKeyId":1,"baseKey":"BYuMydeBmHZKbo+b0mxXHaZABIkICABxkkcogIyMzsUe","preKeyId":829}}},"version":"v1"}