{"_sessions":{"Bfnxr55v+bSGsx7T67Yiz2R0Fy15kIX69SZzj911wFQs":{"registrationId":853438198,"currentRatchet":{"ephemeralKeyPair":{"pubKey":"BX1ep729PwDKLZUdY1/aDHzrxGbmld0xGP1bUOgf8eka","privKey":"KGwEP7/IRaDAyMRddsIoPaqsK+XKbSKdpuIiboH+pUo="},"lastRemoteEphemeralKey":"BTESveFAASthXVhiB1YXp3un01w/PT3goJi1GzCvsklc","previousCounter":0,"rootKey":"Xye2c7VrWxSr4M6McWUdE11pQrd/Q6nJMKUBdYfJTPo="},"indexInfo":{"baseKey":"Bfnxr55v+bSGsx7T67Yiz2R0Fy15kIX69SZzj911wFQs","baseKeyType":1,"closed":-1,"used":1753449676185,"created":1753449665372,"remoteIdentityKey":"BeifNeYaEf/+IRnCG8dGA1tMQgiMiftI8XFqft6ivVdS"},"_chains":{"BTESveFAASthXVhiB1YXp3un01w/PT3goJi1GzCvsklc":{"chainKey":{"counter":0,"key":"7UnfExmnifGZVTE6vZVySSYjidWH+3mQIKtrMGTj86c="},"chainType":2,"messageKeys":{}},"BX1ep729PwDKLZUdY1/aDHzrxGbmld0xGP1bUOgf8eka":{"chainKey":{"counter":3,"key":"oQyj2VfrpJ4f6QWGAC56n8+gqkNINllmDuAOcmdX+og="},"chainType":1,"messageKeys":{}}}}},"version":"v1"}