{"_sessions":{"BelIC/mV1t1+Zzi6tywAOkb999dIQkVGj1zUznkTTq9N":{"registrationId":883745823,"currentRatchet":{"ephemeralKeyPair":{"pubKey":"BXXX6HfEizZqa8mN5hhDHa8V1fPB+LX3CLhDOzpjDAAw","privKey":"GHzowlrTTMXSJOSSCQ4vyF3mxL3eaC+G18LEVG3nim4="},"lastRemoteEphemeralKey":"BZsJGq7xkkI9uUX+i+eH1XcGCi26CpRTDgaNN2VJonsl","previousCounter":0,"rootKey":"nQuE0vZONEJIDJXiLS/KR/bqNCDlnQxkoij+PJ++i2o="},"indexInfo":{"baseKey":"BelIC/mV1t1+Zzi6tywAOkb999dIQkVGj1zUznkTTq9N","baseKeyType":1,"closed":-1,"used":1753449665418,"created":1753449665418,"remoteIdentityKey":"BWwE86MmLKgZtL743oSwv6Xg9Z5X7fTbrRVoSg9I+slP"},"_chains":{"BXXX6HfEizZqa8mN5hhDHa8V1fPB+LX3CLhDOzpjDAAw":{"chainKey":{"counter":4,"key":"1f8eU1zs4WhFEd5ME3vvQxaBem+kAJ3OihW/hgHWD70="},"chainType":1,"messageKeys":{}}},"pendingPreKey":{"signedKeyId":27,"baseKey":"BelIC/mV1t1+Zzi6tywAOkb999dIQkVGj1zUznkTTq9N","preKeyId":16221901}}},"version":"v1"}