{"_sessions":{"BZDshG7mEEXz0YAvkGn14+nTmgteft4ijWnnBxi6W9kb":{"registrationId":1240583681,"currentRatchet":{"ephemeralKeyPair":{"pubKey":"BV97ZPcblPYn7F+02v2mH6RDi7i/t24WPl1fpWcWX/N8","privKey":"0DG13w7G0XH+mrI/L2d4/UvKzKRceFYUUAUx1xSMFmg="},"lastRemoteEphemeralKey":"BaD78XGhFvriar3DH4QXNCx0KFFCCkIFhd3Oto+iJuEH","previousCounter":0,"rootKey":"rpdkJctQKNnfii1wxxGNxhl+lXlchMM1mGEZO6OUvNs="},"indexInfo":{"baseKey":"BZDshG7mEEXz0YAvkGn14+nTmgteft4ijWnnBxi6W9kb","baseKeyType":1,"closed":-1,"used":1753449665397,"created":1753449665397,"remoteIdentityKey":"BaIzVh3gQcS2dnIG1SdAwmJbP22oTrR8DBsRvQm+mSwc"},"_chains":{"BV97ZPcblPYn7F+02v2mH6RDi7i/t24WPl1fpWcWX/N8":{"chainKey":{"counter":4,"key":"5aRh3MqLo2DszRSHR8mq8jVlp5R+Eo2aBW4wd39SoB8="},"chainType":1,"messageKeys":{}}},"pendingPreKey":{"signedKeyId":16,"baseKey":"BZDshG7mEEXz0YAvkGn14+nTmgteft4ijWnnBxi6W9kb","preKeyId":8713830}}},"version":"v1"}