{"_sessions":{"BfEaLJGTIBvXW0ycVUKFRzSzOG+WPEUJ5xeQvXx1EYga":{"registrationId":1725089660,"currentRatchet":{"ephemeralKeyPair":{"pubKey":"BXHQS/FerwzzSayAvH+5VibSI2We9RdJ8Xpy04bmJN9+","privKey":"4AsibRsOP2w16dfWMkQdIQkFYi39Q9yTbfIBzC6oiUM="},"lastRemoteEphemeralKey":"BYiyVYhJx0EjRaGNat6qDibrvVIM1EUy0BDxnYnz33cm","previousCounter":0,"rootKey":"qPtjZFThtDFAaocrB/g6eOXpDL7o3PSHtdTo29o24uA="},"indexInfo":{"baseKey":"BfEaLJGTIBvXW0ycVUKFRzSzOG+WPEUJ5xeQvXx1EYga","baseKeyType":1,"closed":-1,"used":1753449665428,"created":1753449665428,"remoteIdentityKey":"BdYwi/piudYbb1cdUs6FQjlyfGI+m/xQITJZ6Ruhl69s"},"_chains":{"BXHQS/FerwzzSayAvH+5VibSI2We9RdJ8Xpy04bmJN9+":{"chainKey":{"counter":4,"key":"yBnAQ1Bxa0urkcN2Kf9mVNKTqS4qWrer2PCVCF7zT7M="},"chainType":1,"messageKeys":{}}},"pendingPreKey":{"signedKeyId":4,"baseKey":"BfEaLJGTIBvXW0ycVUKFRzSzOG+WPEUJ5xeQvXx1EYga","preKeyId":14402452}}},"version":"v1"}