{"_sessions":{"BdnEi2y40TMmhGjXzKOJxprXcG4GBW5hiQI0YX+b1apv":{"registrationId":1241097374,"currentRatchet":{"ephemeralKeyPair":{"pubKey":"BUgLq70ppmQ4UfwmH67iueVBk1Xq/IFgo/xi6k7iOn9R","privKey":"EJx05YflgXe15HeRDEzebmUANyp1qIzzKs9CndIjzGs="},"lastRemoteEphemeralKey":"Bfw+RnLKtHyFHbv9OlsJ/tzsfYUY+Kmdfa5M5ppcD25J","previousCounter":0,"rootKey":"5VTq7x9N3GOjWmWrboIFg2GWXkdFnKNZBFK5ZpDpDXU="},"indexInfo":{"baseKey":"BdnEi2y40TMmhGjXzKOJxprXcG4GBW5hiQI0YX+b1apv","baseKeyType":1,"closed":-1,"used":1753449665294,"created":1753449665294,"remoteIdentityKey":"BW4K1OEgZEMzCSe6aiHkgrGCI+o4Q0id5KFTc22C7YJ2"},"_chains":{"BUgLq70ppmQ4UfwmH67iueVBk1Xq/IFgo/xi6k7iOn9R":{"chainKey":{"counter":4,"key":"Ku7tMBfuQgp+YTLxPdD9+EFP5FyMfvOaMhCYU3LO98Y="},"chainType":1,"messageKeys":{}}},"pendingPreKey":{"signedKeyId":1,"baseKey":"BdnEi2y40TMmhGjXzKOJxprXcG4GBW5hiQI0YX+b1apv","preKeyId":165}}},"version":"v1"}