{"_sessions":{"BTYDjdMpPsdr1Or/Hw5E//hQNZMPm91XistwscuMePVB":{"registrationId":1849144579,"currentRatchet":{"ephemeralKeyPair":{"pubKey":"BakKO9YOGigjrJVlZ+lPEG7MdPwCm0la2rP2rr9LTnk8","privKey":"eCUPLwT4ZjjS9hQOEjalMa2CTCMj8v17okJY4QRumnU="},"lastRemoteEphemeralKey":"BWRaOi2KCnbhV81fHyQ1XDR6+gARmlM7N4V2F0sUUOAH","previousCounter":0,"rootKey":"ztyOQSnkNEtD7gZ6NIQWGKjdu25JFlfSQCi116btbuI="},"indexInfo":{"baseKey":"BTYDjdMpPsdr1Or/Hw5E//hQNZMPm91XistwscuMePVB","baseKeyType":1,"closed":-1,"used":1753449665356,"created":1753449665356,"remoteIdentityKey":"BdpyubRHotjpd5futw9Bk9nWao7sO1Ktx23tNphuuqN9"},"_chains":{"BakKO9YOGigjrJVlZ+lPEG7MdPwCm0la2rP2rr9LTnk8":{"chainKey":{"counter":4,"key":"87FmMNxbPQcgzx4BYCqEfzVO81LLl3ao9sk4AAHG0vk="},"chainType":1,"messageKeys":{}}},"pendingPreKey":{"signedKeyId":18,"baseKey":"BTYDjdMpPsdr1Or/Hw5E//hQNZMPm91XistwscuMePVB","preKeyId":3741681}}},"version":"v1"}