{"_sessions":{"BcW//9I5MW6fwTSFzJLnTiDCIBTrWisrv3AAyFCOOjom":{"registrationId":1060096693,"currentRatchet":{"ephemeralKeyPair":{"pubKey":"BcyTsysIBN2HMUBN456NzJj6GeH6cWnUX+kB//EmexcP","privKey":"aKu7s5kvPKlqNtINszaOxsn++QYQzK6jlJYVNvbBjnU="},"lastRemoteEphemeralKey":"Bekao8/+Kg7R0uvPIhB4DrrMryCO+EMKmqDn7eoXN/wF","previousCounter":0,"rootKey":"Z/pyUy0Bpd8Cgz7V4A8+aoMl+oJVGhrXdfyNgqHYTT4="},"indexInfo":{"baseKey":"BcW//9I5MW6fwTSFzJLnTiDCIBTrWisrv3AAyFCOOjom","baseKeyType":1,"closed":-1,"used":1753449665352,"created":1753449665352,"remoteIdentityKey":"BU/vhe1e9Yvip79b/hbkmCKRE7SYD+fXy1dO2UQcK2Z7"},"_chains":{"BcyTsysIBN2HMUBN456NzJj6GeH6cWnUX+kB//EmexcP":{"chainKey":{"counter":4,"key":"JV6s+FwJYLiqG6XhO9C4Ni5E++0KYFIAAnfBBoTIORs="},"chainType":1,"messageKeys":{}}},"pendingPreKey":{"signedKeyId":4,"baseKey":"BcW//9I5MW6fwTSFzJLnTiDCIBTrWisrv3AAyFCOOjom","preKeyId":2080583}}},"version":"v1"}