{"_sessions":{"BampPCRQJtbqpseEEWtMTlWb7h5bbTqrNfx00dBSU4Bu":{"registrationId":661206316,"currentRatchet":{"ephemeralKeyPair":{"pubKey":"BSSOQrL0ikeTs0QYX09BEsMT15xnWgtKisMA14N/axh7","privKey":"SJ20s0n2Hqu3fzETRI1zWU0/WfUq2OG4YJ2z6OkGXFE="},"lastRemoteEphemeralKey":"BWnxUWZ9AJtJH8p7z51cj6gV/RKLojP2Z/Ol3CLeqDk4","previousCounter":0,"rootKey":"BOyP5p8MuLlZSYXT1jsuEk3Wk6s1o1NHjttVLFRJvfQ="},"indexInfo":{"baseKey":"BampPCRQJtbqpseEEWtMTlWb7h5bbTqrNfx00dBSU4Bu","baseKeyType":1,"closed":-1,"used":1753449665362,"created":1753449665362,"remoteIdentityKey":"BZf8iRdOpKy7ckXOiSiwX2gZID1U+a7PKFoVZENCHmIo"},"_chains":{"BSSOQrL0ikeTs0QYX09BEsMT15xnWgtKisMA14N/axh7":{"chainKey":{"counter":4,"key":"5IeCiM2DMPQyXYX96troZJ5/xfuBfo+yPVOzTdnw25M="},"chainType":1,"messageKeys":{}}},"pendingPreKey":{"signedKeyId":13,"baseKey":"BampPCRQJtbqpseEEWtMTlWb7h5bbTqrNfx00dBSU4Bu","preKeyId":7681437}}},"version":"v1"}