{"_sessions":{"BUZ9CIUDLwIGaJMubMkyoZDuaIV3GQhzS91pJLwReZEQ":{"registrationId":1160537036,"currentRatchet":{"ephemeralKeyPair":{"pubKey":"BaxiDZ7Q0H5ZvibcoSfLWlfjUpa2RtemC1yVZwPXAQIR","privKey":"GP2kl4S7idYVDKF/FT82mw+E4IcrrWtcDtPKZPozCGE="},"lastRemoteEphemeralKey":"BaP+P3IrumSxGcl4j6EknimRLkAnBLNoQXsuHG0ZmMUn","previousCounter":0,"rootKey":"AKbFAH6F2sNDbBIBw2WpGarQ7DjnfgMX2LZDNSZFY+M="},"indexInfo":{"baseKey":"BUZ9CIUDLwIGaJMubMkyoZDuaIV3GQhzS91pJLwReZEQ","baseKeyType":1,"closed":-1,"used":1753449665315,"created":1753449665315,"remoteIdentityKey":"Bc7V0wOw6VOYThbZCOpYELNanfQM0u89H+p8Wq16ftY6"},"_chains":{"BaxiDZ7Q0H5ZvibcoSfLWlfjUpa2RtemC1yVZwPXAQIR":{"chainKey":{"counter":4,"key":"ntQTZgLSgdlkQFAYlHi2rvAd9UiTDKR+j39BEx+jfiI="},"chainType":1,"messageKeys":{}}},"pendingPreKey":{"signedKeyId":1,"baseKey":"BUZ9CIUDLwIGaJMubMkyoZDuaIV3GQhzS91pJLwReZEQ","preKeyId":155}}},"version":"v1"}