{"_sessions":{"BZlDXMjXMutX77WzNlpPNNAousiMYgp8tsKj16QUHbID":{"registrationId":1668188139,"currentRatchet":{"ephemeralKeyPair":{"pubKey":"BdTTro6Er+epwXOWmPZnxC/KzE8wEUVh0tWqIeXwfq1N","privKey":"aB8jORiebwNIt17t9TsfWyfvLHlEfpXEvKMJLq+AQ18="},"lastRemoteEphemeralKey":"BWf7G2RfCWHugqhiX5jrE5sBKgLipwQeFT0Zm61RXzpX","previousCounter":0,"rootKey":"ypQLjSPLE9tt7d+DLgoFuXnlcUlN/TDmkAtue1Ro0eI="},"indexInfo":{"baseKey":"BZlDXMjXMutX77WzNlpPNNAousiMYgp8tsKj16QUHbID","baseKeyType":1,"closed":-1,"used":1753449665382,"created":1753449665382,"remoteIdentityKey":"BWtRya3Hgpwf9MpM0yyv/JcHrrrBMTD6bomm7VqvGxtS"},"_chains":{"BdTTro6Er+epwXOWmPZnxC/KzE8wEUVh0tWqIeXwfq1N":{"chainKey":{"counter":4,"key":"8biT+N5ovuEmoJscZQcmb7CEyKF4nRX0DZ0OLGvPGzM="},"chainType":1,"messageKeys":{}}},"pendingPreKey":{"signedKeyId":0,"baseKey":"BZlDXMjXMutX77WzNlpPNNAousiMYgp8tsKj16QUHbID","preKeyId":7335447}}},"version":"v1"}