{"_sessions":{"Be6JDPZnb1TVWId6l2Bxgb1iU08VYuQSgoCT1L1uUn1C":{"registrationId":2378,"currentRatchet":{"ephemeralKeyPair":{"pubKey":"BaEUVsw0pDlwvt4h5EacPoudT7QhiKoKgKrrMj+lRuwH","privKey":"aBeVvLVP2fb9ZV5egHd2JGAECpK4yAmVRBAUfP/KcGo="},"lastRemoteEphemeralKey":"BURv18NUderfKh+z7SmVzVLl6jYKxL8joSzH7hNsZBFn","previousCounter":0,"rootKey":"EuYpXe+Xv/cBuR4GyX8r10R24fPc907BlNtewNjyO8Q="},"indexInfo":{"baseKey":"Be6JDPZnb1TVWId6l2Bxgb1iU08VYuQSgoCT1L1uUn1C","baseKeyType":1,"closed":-1,"used":1753449665321,"created":1753449665321,"remoteIdentityKey":"BUb2qwsSrvq4Hljc/1dDU6cb9esR3tGYt7jxPm7hTrZN"},"_chains":{"BaEUVsw0pDlwvt4h5EacPoudT7QhiKoKgKrrMj+lRuwH":{"chainKey":{"counter":4,"key":"kCK57EjXHiA2/zChkEAr6ly0Wqyk0RZav3Fq3xx2Uos="},"chainType":1,"messageKeys":{}}},"pendingPreKey":{"signedKeyId":1,"baseKey":"Be6JDPZnb1TVWId6l2Bxgb1iU08VYuQSgoCT1L1uUn1C","preKeyId":447}}},"version":"v1"}