{"_sessions":{"BdknukV5C4jIkERUuVwzoAhCWc5YdOQFml3/eio4A7kw":{"registrationId":1281831408,"currentRatchet":{"ephemeralKeyPair":{"pubKey":"BZWNU+vxq+8uYB6AB4HWBpJUbGgub+jD1JlwNP3V/KM2","privKey":"gG53Mae4f7MXKXk3whWfttMjjbSoyluYtZaxcLlshX8="},"lastRemoteEphemeralKey":"BfWvwzovoDM8ImH6lllX87b2OCsvXqjZQI44VEjQ1xY+","previousCounter":0,"rootKey":"vb1Q9GkYlq4tHaZYAbqsl9/haZ410qiZv80iO6xE2fU="},"indexInfo":{"baseKey":"BdknukV5C4jIkERUuVwzoAhCWc5YdOQFml3/eio4A7kw","baseKeyType":1,"closed":-1,"used":1753449665392,"created":1753449665392,"remoteIdentityKey":"BZbm5GaYd8T7EVh+BiPFLCB/fxU9FPDh/7YNqMgna54g"},"_chains":{"BZWNU+vxq+8uYB6AB4HWBpJUbGgub+jD1JlwNP3V/KM2":{"chainKey":{"counter":4,"key":"hvt+zm3TCFMoTCCabDuySnJxvGhlRz5eeAanCsdY0wk="},"chainType":1,"messageKeys":{}}},"pendingPreKey":{"signedKeyId":3,"baseKey":"BdknukV5C4jIkERUuVwzoAhCWc5YdOQFml3/eio4A7kw","preKeyId":10639359}}},"version":"v1"}