{"_sessions":{"BTloSrQlQf55U2bZFwcGrjL8cP4G/YgdJaWoY6IoGitp":{"registrationId":1366140857,"currentRatchet":{"ephemeralKeyPair":{"pubKey":"BUjm7wLVYG7jY9JrPHVurX5MNdumuV19mTd99ugL/3Fk","privKey":"EAsiHCqgNLczUXPglxrHUrUCjBT//x6Ck2rwF7gCX2E="},"lastRemoteEphemeralKey":"BW9PHWLXudshiBpoVYqX/dz8ABbfXT/4FN6cjnQChIcq","previousCounter":0,"rootKey":"3VIftlXZhi6L0OdTaIuMI73a0s6yFD4mKlC92GPrT28="},"indexInfo":{"baseKey":"BTloSrQlQf55U2bZFwcGrjL8cP4G/YgdJaWoY6IoGitp","baseKeyType":1,"closed":-1,"used":1753449665377,"created":1753449665377,"remoteIdentityKey":"Bcmk3oH9w8Ne0kxLutXaMRor1+u/fbkgpcleT53Ra1oF"},"_chains":{"BUjm7wLVYG7jY9JrPHVurX5MNdumuV19mTd99ugL/3Fk":{"chainKey":{"counter":4,"key":"wEUD9DY8heq+YlFauIUWKW824giCd1YlU1QKxqeSIPM="},"chainType":1,"messageKeys":{}}},"pendingPreKey":{"signedKeyId":6,"baseKey":"BTloSrQlQf55U2bZFwcGrjL8cP4G/YgdJaWoY6IoGitp","preKeyId":5288267}}},"version":"v1"}