{"_sessions":{"BWbyvI4Gxp8shenqlm5orYz1k7XMVTXYfr5LjmdEz+sP":{"registrationId":460938659,"currentRatchet":{"ephemeralKeyPair":{"pubKey":"BS8sZX7pQjl1dh1mt9suxWAbl1d1ayntuvxlbRWsgrxy","privKey":"+BvUIgAtNKexa2LPu++EurDxRrxDS9Mxc8po+6oV830="},"lastRemoteEphemeralKey":"BXPa/BoYrJi4gyGSUoI/vrJ+XyuSylAEeAwvLicHb5Ag","previousCounter":0,"rootKey":"jpPxRWAzOEVqmAcN/fkOMpyM3hN+BblOd9jI8QPDB9k="},"indexInfo":{"baseKey":"BWbyvI4Gxp8shenqlm5orYz1k7XMVTXYfr5LjmdEz+sP","baseKeyType":1,"closed":-1,"used":1753449665336,"created":1753449665336,"remoteIdentityKey":"BY5l4OVvafj7lmeYKdyJ+TRciyG2Q1AbdYcYPTQRiAUN"},"_chains":{"BS8sZX7pQjl1dh1mt9suxWAbl1d1ayntuvxlbRWsgrxy":{"chainKey":{"counter":4,"key":"1sds+zHyt+SflpwUooq+bKdI74lpJFwIoNtVxCINSTA="},"chainType":1,"messageKeys":{}}},"pendingPreKey":{"signedKeyId":4,"baseKey":"BWbyvI4Gxp8shenqlm5orYz1k7XMVTXYfr5LjmdEz+sP","preKeyId":719}}},"version":"v1"}